{"name":"Scene2","settings":{"physics":{"gravity":[0,-9.8,0]},"render":{"fog_end":1000,"tonemapping":0,"skybox":74750895,"fog_density":0.01,"gamma_correction":1,"exposure":1,"fog_start":1,"global_ambient":[0.2,0.2,0.2],"skyboxIntensity":1,"fog_color":[0,0,0],"lightmapMode":1,"fog":"none","lightmapMaxResolution":2048,"skyboxMip":0,"lightmapSizeMultiplier":16,"skyboxRotation":[0,0,0]}},"entities":{"333e85aa-0cd6-4c75-893a-e9c6905a0558":{"name":"Root","parent":null,"resource_id":"333e85aa-0cd6-4c75-893a-e9c6905a0558","tags":[],"enabled":true,"components":{},"scale":[1,1,1],"position":[0,0,0],"rotation":[0,0,0],"children":["22f4df9c-6c89-497a-99bd-120990b9cb50","b7cbdeaa-ddb6-4096-a7c4-81d28be8bb2f","95fba7fd-bdf0-4e66-a96b-083da5d9d20f","b09553ba-b89d-4912-8480-5a0eb250dd19","b8b4e267-51b2-4998-81d0-3b432eb895de","7517717f-6398-4c8d-b0e4-1c5211687ba5"]},"22f4df9c-6c89-497a-99bd-120990b9cb50":{"name":"Light","parent":"333e85aa-0cd6-4c75-893a-e9c6905a0558","resource_id":"22f4df9c-6c89-497a-99bd-120990b9cb50","tags":[],"enabled":true,"components":{"light":{"enabled":true,"bake":false,"bakeDir":true,"affectDynamic":true,"affectLightmapped":false,"isStatic":false,"color":[1,1,1],"intensity":1,"type":"directional","shadowDistance":16,"range":8,"innerConeAngle":40,"outerConeAngle":45,"shape":0,"falloffMode":0,"castShadows":true,"shadowUpdateMode":2,"shadowType":0,"shadowResolution":1024,"shadowBias":0.4,"normalOffsetBias":0.05,"vsmBlurMode":1,"vsmBlurSize":11,"vsmBias":0.01,"cookieAsset":null,"cookieIntensity":1,"cookieFalloff":true,"cookieChannel":"rgb","cookieAngle":0,"cookieScale":[1,1],"cookieOffset":[0,0],"layers":[0]}},"scale":[1,1,1],"position":[2,2,-2],"rotation":[45,135,0],"children":[]},"b7cbdeaa-ddb6-4096-a7c4-81d28be8bb2f":{"name":"Plane","parent":"333e85aa-0cd6-4c75-893a-e9c6905a0558","resource_id":"b7cbdeaa-ddb6-4096-a7c4-81d28be8bb2f","tags":[],"enabled":true,"components":{"render":{"enabled":true,"type":"plane","asset":null,"materialAssets":[74750940],"castShadows":true,"receiveShadows":true,"lightmapped":false,"lightmapSizeMultiplier":1,"castShadowsLightmap":true,"rootBone":null,"isStatic":false,"layers":[0],"batchGroupId":null}},"scale":[8,1,8],"position":[0,0,0],"rotation":[0,0,0],"children":[]},"95fba7fd-bdf0-4e66-a96b-083da5d9d20f":{"name":"Sphere","tags":[],"enabled":true,"resource_id":"95fba7fd-bdf0-4e66-a96b-083da5d9d20f","parent":"333e85aa-0cd6-4c75-893a-e9c6905a0558","children":[],"position":[0,1.2946229787822436,0],"rotation":[0,0,0],"scale":[1,1,1],"components":{"render":{"enabled":true,"type":"capsule","asset":null,"materialAssets":[74750940],"layers":[0],"batchGroupId":null,"castShadows":true,"castShadowsLightmap":true,"receiveShadows":true,"lightmapped":false,"lightmapSizeMultiplier":1,"castShadowsLightMap":true,"lightMapped":false,"lightMapSizeMultiplier":1,"isStatic":false,"rootBone":null}}},"b09553ba-b89d-4912-8480-5a0eb250dd19":{"name":"Camera","tags":[],"enabled":true,"resource_id":"b09553ba-b89d-4912-8480-5a0eb250dd19","parent":"333e85aa-0cd6-4c75-893a-e9c6905a0558","children":[],"position":[4,3.5,4],"rotation":[-30,45,0],"scale":[1,1,1],"components":{"camera":{"enabled":true,"clearColorBuffer":true,"clearColor":[0.118,0.118,0.118,1],"clearDepthBuffer":true,"projection":0,"fov":45,"frustumCulling":true,"orthoHeight":4,"nearClip":0.1,"farClip":1000,"priority":0,"rect":[0,0,1,1],"layers":[0,1,2,3,4]},"script":{"enabled":true,"order":["orbitCamera","mouseInput","touchInput","keyboardInput","customInput"],"scripts":{"orbitCamera":{"enabled":true,"attributes":{"distanceMax":60,"distanceMin":5,"pitchAngleMax":90,"pitchAngleMin":5,"inertiaFactor":0.1,"focusEntity":"95fba7fd-bdf0-4e66-a96b-083da5d9d20f","frameOnStart":true}},"mouseInput":{"enabled":true,"attributes":{"orbitSensitivity":0.3,"distanceSensitivity":0.15}},"touchInput":{"enabled":true,"attributes":{"orbitSensitivity":0.4,"distanceSensitivity":0.2}},"keyboardInput":{"enabled":true,"attributes":{"DummyUI":[]}},"customInput":{"enabled":true,"attributes":{"BoundingBox":"7517717f-6398-4c8d-b0e4-1c5211687ba5"}}}}}},"b8b4e267-51b2-4998-81d0-3b432eb895de":{"name":"2D Screen","tags":[],"enabled":true,"resource_id":"b8b4e267-51b2-4998-81d0-3b432eb895de","parent":"333e85aa-0cd6-4c75-893a-e9c6905a0558","children":["05edaa8a-fc90-4c8c-9cf9-3b77c5cefd1b"],"position":[0,0,0],"rotation":[0,0,0],"scale":[1,1,1],"components":{"screen":{"enabled":true,"screenSpace":true,"scaleMode":"blend","scaleBlend":0.5,"resolution":[1920,1080],"referenceResolution":[1920,1080]}}},"05edaa8a-fc90-4c8c-9cf9-3b77c5cefd1b":{"name":"Button","tags":[],"enabled":true,"resource_id":"05edaa8a-fc90-4c8c-9cf9-3b77c5cefd1b","parent":"b8b4e267-51b2-4998-81d0-3b432eb895de","children":["cf440572-b291-4598-ad73-6f0b9f8bff67"],"position":[-25,-50,0],"rotation":[0,0,0],"scale":[1,1,1],"components":{"button":{"enabled":true,"active":true,"imageEntity":"05edaa8a-fc90-4c8c-9cf9-3b77c5cefd1b","hitPadding":[0,0,0,0],"transitionMode":0,"hoverTint":[1,1,1,1],"pressedTint":[1,1,1,1],"inactiveTint":[1,1,1,1],"fadeDuration":0,"hoverSpriteAsset":null,"hoverSpriteFrame":0,"pressedSpriteAsset":null,"pressedSpriteFrame":0,"inactiveSpriteAsset":null,"inactiveSpriteFrame":0,"hoverTextureAsset":null,"pressedTextureAsset":null,"inactiveTextureAsset":null},"element":{"enabled":true,"type":"image","anchor":[1,1,1,1],"pivot":[1,1],"text":"","key":null,"fontAsset":74750899,"fontSize":32,"minFontSize":8,"maxFontSize":32,"autoFitWidth":false,"autoFitHeight":false,"maxLines":null,"lineHeight":32,"wrapLines":true,"spacing":1,"color":[1,1,1],"opacity":1,"textureAsset":null,"spriteAsset":null,"spriteFrame":0,"pixelsPerUnit":null,"width":100,"height":40,"margin":[-125,-90,25,50],"alignment":[0.5,0.5],"outlineColor":[0,0,0,1],"outlineThickness":0,"shadowColor":[0,0,0,1],"shadowOffset":[0,0],"rect":[0,0,1,1],"materialAsset":null,"autoWidth":false,"autoHeight":false,"useInput":true,"batchGroupId":null,"mask":false,"layers":[4],"enableMarkup":false},"script":{"enabled":true,"order":["changingScenes"],"scripts":{"changingScenes":{"enabled":true,"attributes":{"sceneName":"MainScene"}}}}}},"cf440572-b291-4598-ad73-6f0b9f8bff67":{"name":"Text","tags":[],"enabled":true,"resource_id":"cf440572-b291-4598-ad73-6f0b9f8bff67","parent":"05edaa8a-fc90-4c8c-9cf9-3b77c5cefd1b","children":[],"position":[0,0,0],"rotation":[0,0,0],"scale":[1,1,1],"components":{"element":{"enabled":true,"type":"text","anchor":[0.5,0.5,0.5,0.5],"pivot":[0.5,0.5],"text":"Back","key":null,"fontAsset":74750899,"fontSize":24,"minFontSize":8,"maxFontSize":32,"autoFitWidth":false,"autoFitHeight":false,"maxLines":null,"lineHeight":32,"wrapLines":true,"spacing":1,"color":[0,0,0],"opacity":1,"textureAsset":null,"spriteAsset":null,"spriteFrame":0,"pixelsPerUnit":null,"width":57.375,"height":23.61328125,"margin":[-28.6875,-11.806640625,-28.6875,-11.806640625],"alignment":[0.5,0.5],"outlineColor":[0,0,0,1],"outlineThickness":0,"shadowColor":[0,0,0,1],"shadowOffset":[0,0],"rect":[0,0,1,1],"materialAsset":null,"autoWidth":true,"autoHeight":true,"useInput":false,"batchGroupId":null,"mask":false,"layers":[4],"enableMarkup":false}}},"7517717f-6398-4c8d-b0e4-1c5211687ba5":{"name":"BoundingBox","tags":[],"enabled":true,"resource_id":"7517717f-6398-4c8d-b0e4-1c5211687ba5","parent":"333e85aa-0cd6-4c75-893a-e9c6905a0558","children":[],"position":[0,0,0],"rotation":[0,0,0],"scale":[60,60,60],"components":{"render":{"enabled":true,"type":"box","asset":null,"materialAssets":[74750943],"layers":[0],"batchGroupId":null,"castShadows":true,"castShadowsLightmap":true,"receiveShadows":true,"lightmapped":false,"lightmapSizeMultiplier":1,"castShadowsLightMap":true,"lightMapped":false,"lightMapSizeMultiplier":1,"isStatic":false,"rootBone":null}}}},"created":"2022-02-17T23:31:34.692Z","checkpoint_id":"913cc50a-e380-477e-a14c-bfa922ae1720","branch_id":"5e779d22-f090-4550-ad9f-efc3f9a62008","id":1372980}