{"name":"Scene3","settings":{"physics":{"gravity":[0,-9.8,0]},"render":{"fog_end":1000,"tonemapping":0,"skybox":74750902,"fog_density":0.01,"gamma_correction":1,"exposure":1,"fog_start":1,"global_ambient":[0.2,0.2,0.2],"skyboxIntensity":1,"fog_color":[0,0,0],"lightmapMode":1,"fog":"none","lightmapMaxResolution":2048,"skyboxMip":0,"lightmapSizeMultiplier":16,"skyboxRotation":[0,0,0],"lightmapFilterEnabled":false,"lightmapFilterRange":10,"lightmapFilterSmoothness":0.2,"ambientBake":false,"ambientBakeNumSamples":1,"ambientBakeSpherePart":0.4,"ambientBakeOcclusionBrightness":0,"ambientBakeOcclusionContrast":0}},"entities":{"db077ed3-f9de-4909-9c9d-ca55e7d13c95":{"name":"Root","parent":null,"resource_id":"db077ed3-f9de-4909-9c9d-ca55e7d13c95","tags":[],"enabled":true,"components":{},"scale":[1,1,1],"position":[0,0,0],"rotation":[0,0,0],"children":["180f55d2-8655-48a9-b829-f7363a9e7417","fa4327f2-5ce5-4f44-a6a0-bf5435f21d58","dc456aae-b32f-477b-9ced-d4f0e83d5871","ece8159d-701f-4036-a552-fcc9f90030ca","bda4846b-34ba-4aaa-ae18-aa1a5ce2e921","0339724a-cfca-47d5-bdcd-c538e4a21bb2"]},"180f55d2-8655-48a9-b829-f7363a9e7417":{"name":"Light","parent":"db077ed3-f9de-4909-9c9d-ca55e7d13c95","resource_id":"180f55d2-8655-48a9-b829-f7363a9e7417","tags":[],"enabled":true,"components":{"light":{"enabled":true,"bake":false,"bakeDir":true,"affectDynamic":true,"affectLightmapped":false,"isStatic":false,"color":[1,1,1],"intensity":1,"type":"directional","shadowDistance":16,"range":8,"innerConeAngle":40,"outerConeAngle":45,"shape":0,"falloffMode":0,"castShadows":true,"shadowUpdateMode":2,"shadowType":0,"shadowResolution":1024,"shadowBias":0.4,"normalOffsetBias":0.05,"vsmBlurMode":1,"vsmBlurSize":11,"vsmBias":0.01,"cookieAsset":null,"cookieIntensity":1,"cookieFalloff":true,"cookieChannel":"rgb","cookieAngle":0,"cookieScale":[1,1],"cookieOffset":[0,0],"layers":[0]}},"scale":[1,1,1],"position":[2,2,-2],"rotation":[45,135,0],"children":[]},"fa4327f2-5ce5-4f44-a6a0-bf5435f21d58":{"name":"Plane","parent":"db077ed3-f9de-4909-9c9d-ca55e7d13c95","resource_id":"fa4327f2-5ce5-4f44-a6a0-bf5435f21d58","tags":[],"enabled":true,"components":{"render":{"enabled":true,"type":"plane","asset":null,"materialAssets":[74750940],"castShadows":true,"receiveShadows":true,"lightmapped":false,"lightmapSizeMultiplier":1,"castShadowsLightmap":true,"rootBone":null,"isStatic":false,"layers":[0],"batchGroupId":null}},"scale":[8,1,8],"position":[0,0,0],"rotation":[0,0,0],"children":[]},"dc456aae-b32f-477b-9ced-d4f0e83d5871":{"name":"Sphere","tags":[],"enabled":true,"resource_id":"dc456aae-b32f-477b-9ced-d4f0e83d5871","parent":"db077ed3-f9de-4909-9c9d-ca55e7d13c95","children":[],"position":[0,1.2946229787822436,0],"rotation":[0,0,0],"scale":[1,1,1],"components":{"render":{"enabled":true,"type":"capsule","asset":null,"materialAssets":[74750940],"layers":[0],"batchGroupId":null,"castShadows":true,"castShadowsLightmap":true,"receiveShadows":true,"lightmapped":false,"lightmapSizeMultiplier":1,"castShadowsLightMap":true,"lightMapped":false,"lightMapSizeMultiplier":1,"isStatic":false,"rootBone":null}}},"ece8159d-701f-4036-a552-fcc9f90030ca":{"name":"Camera","tags":[],"enabled":true,"resource_id":"ece8159d-701f-4036-a552-fcc9f90030ca","parent":"db077ed3-f9de-4909-9c9d-ca55e7d13c95","children":[],"position":[4,3.5,4],"rotation":[-30,45,0],"scale":[1,1,1],"components":{"camera":{"enabled":true,"clearColorBuffer":true,"clearColor":[0.118,0.118,0.118,1],"clearDepthBuffer":true,"projection":0,"fov":45,"frustumCulling":true,"orthoHeight":4,"nearClip":0.1,"farClip":1000,"priority":0,"rect":[0,0,1,1],"layers":[0,1,2,3,4]},"script":{"enabled":true,"order":["orbitCamera","mouseInput","touchInput","keyboardInput","customInput"],"scripts":{"orbitCamera":{"enabled":true,"attributes":{"distanceMax":60,"distanceMin":5,"pitchAngleMax":90,"pitchAngleMin":5,"inertiaFactor":0.1,"focusEntity":"dc456aae-b32f-477b-9ced-d4f0e83d5871","frameOnStart":true}},"mouseInput":{"enabled":true,"attributes":{"orbitSensitivity":0.3,"distanceSensitivity":0.15}},"touchInput":{"enabled":true,"attributes":{"orbitSensitivity":0.4,"distanceSensitivity":0.2}},"keyboardInput":{"enabled":true,"attributes":{"DummyUI":[]}},"customInput":{"enabled":true,"attributes":{"BoundingBox":"0339724a-cfca-47d5-bdcd-c538e4a21bb2"}}}}}},"bda4846b-34ba-4aaa-ae18-aa1a5ce2e921":{"name":"2D Screen","tags":[],"enabled":true,"resource_id":"bda4846b-34ba-4aaa-ae18-aa1a5ce2e921","parent":"db077ed3-f9de-4909-9c9d-ca55e7d13c95","children":["a1f1663d-c3e0-4de8-8f8c-1e441c3346a5"],"position":[0,0,0],"rotation":[0,0,0],"scale":[1,1,1],"components":{"screen":{"enabled":true,"screenSpace":true,"scaleMode":"blend","scaleBlend":0.5,"resolution":[1920,1080],"referenceResolution":[1920,1080]}}},"a1f1663d-c3e0-4de8-8f8c-1e441c3346a5":{"name":"Button","tags":[],"enabled":true,"resource_id":"a1f1663d-c3e0-4de8-8f8c-1e441c3346a5","parent":"bda4846b-34ba-4aaa-ae18-aa1a5ce2e921","children":["8c4d0645-2177-4913-841d-9bc9bb7cc952"],"position":[-25,-50,0],"rotation":[0,0,0],"scale":[1,1,1],"components":{"button":{"enabled":true,"active":true,"imageEntity":"a1f1663d-c3e0-4de8-8f8c-1e441c3346a5","hitPadding":[0,0,0,0],"transitionMode":0,"hoverTint":[1,1,1,1],"pressedTint":[1,1,1,1],"inactiveTint":[1,1,1,1],"fadeDuration":0,"hoverSpriteAsset":null,"hoverSpriteFrame":0,"pressedSpriteAsset":null,"pressedSpriteFrame":0,"inactiveSpriteAsset":null,"inactiveSpriteFrame":0,"hoverTextureAsset":null,"pressedTextureAsset":null,"inactiveTextureAsset":null},"element":{"enabled":true,"type":"image","anchor":[1,1,1,1],"pivot":[1,1],"text":"","key":null,"fontAsset":74750899,"fontSize":32,"minFontSize":8,"maxFontSize":32,"autoFitWidth":false,"autoFitHeight":false,"maxLines":null,"lineHeight":32,"wrapLines":true,"spacing":1,"color":[1,1,1],"opacity":1,"textureAsset":null,"spriteAsset":null,"spriteFrame":0,"pixelsPerUnit":null,"width":100,"height":40,"margin":[-125,-90,25,50],"alignment":[0.5,0.5],"outlineColor":[0,0,0,1],"outlineThickness":0,"shadowColor":[0,0,0,1],"shadowOffset":[0,0],"rect":[0,0,1,1],"materialAsset":null,"autoWidth":false,"autoHeight":false,"useInput":true,"batchGroupId":null,"mask":false,"layers":[4],"enableMarkup":false},"script":{"enabled":true,"order":["changingScenes"],"scripts":{"changingScenes":{"enabled":true,"attributes":{"sceneName":"MainScene"}}}}}},"8c4d0645-2177-4913-841d-9bc9bb7cc952":{"name":"Text","tags":[],"enabled":true,"resource_id":"8c4d0645-2177-4913-841d-9bc9bb7cc952","parent":"a1f1663d-c3e0-4de8-8f8c-1e441c3346a5","children":[],"position":[0,0,0],"rotation":[0,0,0],"scale":[1,1,1],"components":{"element":{"enabled":true,"type":"text","anchor":[0.5,0.5,0.5,0.5],"pivot":[0.5,0.5],"text":"Back","key":null,"fontAsset":74750899,"fontSize":24,"minFontSize":8,"maxFontSize":32,"autoFitWidth":false,"autoFitHeight":false,"maxLines":null,"lineHeight":32,"wrapLines":true,"spacing":1,"color":[0,0,0],"opacity":1,"textureAsset":null,"spriteAsset":null,"spriteFrame":0,"pixelsPerUnit":null,"width":57.375,"height":23.61328125,"margin":[-28.6875,-11.806640625,-28.6875,-11.806640625],"alignment":[0.5,0.5],"outlineColor":[0,0,0,1],"outlineThickness":0,"shadowColor":[0,0,0,1],"shadowOffset":[0,0],"rect":[0,0,1,1],"materialAsset":null,"autoWidth":true,"autoHeight":true,"useInput":false,"batchGroupId":null,"mask":false,"layers":[4],"enableMarkup":false}}},"0339724a-cfca-47d5-bdcd-c538e4a21bb2":{"name":"BoundingBox","tags":[],"enabled":true,"resource_id":"0339724a-cfca-47d5-bdcd-c538e4a21bb2","parent":"db077ed3-f9de-4909-9c9d-ca55e7d13c95","children":[],"position":[0,0,0],"rotation":[0,0,0],"scale":[60,60,60],"components":{"render":{"enabled":true,"type":"box","asset":null,"materialAssets":[74750943],"layers":[0],"batchGroupId":null,"castShadows":true,"castShadowsLightmap":true,"receiveShadows":true,"lightmapped":false,"lightmapSizeMultiplier":1,"castShadowsLightMap":true,"lightMapped":false,"lightMapSizeMultiplier":1,"isStatic":false,"rootBone":null}}}},"created":"2022-02-17T23:32:19.644Z","checkpoint_id":"913cc50a-e380-477e-a14c-bfa922ae1720","branch_id":"5e779d22-f090-4550-ad9f-efc3f9a62008","id":1372979}