{"name":"Scene1","settings":{"physics":{"gravity":[0,-9.8,0]},"render":{"fog_end":1000,"tonemapping":0,"skybox":74750894,"fog_density":0.01,"gamma_correction":1,"exposure":1,"fog_start":1,"global_ambient":[0.2,0.2,0.2],"skyboxIntensity":1,"fog_color":[0,0,0],"lightmapMode":1,"fog":"none","lightmapMaxResolution":2048,"skyboxMip":0,"lightmapSizeMultiplier":16,"skyboxRotation":[0,0,0],"lightmapFilterEnabled":false,"lightmapFilterRange":10,"lightmapFilterSmoothness":0.2,"ambientBake":false,"ambientBakeNumSamples":1,"ambientBakeSpherePart":0.4,"ambientBakeOcclusionBrightness":0,"ambientBakeOcclusionContrast":0}},"entities":{"1bb7797f-a8f1-4bef-96e0-f6434e0bba22":{"name":"Root","parent":null,"resource_id":"1bb7797f-a8f1-4bef-96e0-f6434e0bba22","tags":[],"enabled":true,"components":{},"scale":[1,1,1],"position":[0,0,0],"rotation":[0,0,0],"children":["2d812b0f-7f1f-4a37-a74b-e42f2caf6764","14cef81a-506a-40b5-804a-eaf4ed9a88d4","c689bf25-83ec-4986-a9de-992693189e4b","074a2978-efd2-4133-9230-1318d3b7e572","33503fbb-e3e4-4e3b-8d8e-767d144655db","5301cff1-cbb9-421f-860f-6a198fb638b9","32d8c006-a3b5-43d5-8e83-8ef358b128e8"]},"2d812b0f-7f1f-4a37-a74b-e42f2caf6764":{"name":"Light","parent":"1bb7797f-a8f1-4bef-96e0-f6434e0bba22","resource_id":"2d812b0f-7f1f-4a37-a74b-e42f2caf6764","tags":[],"enabled":true,"components":{"light":{"enabled":true,"bake":false,"bakeDir":true,"affectDynamic":true,"affectLightmapped":false,"isStatic":false,"color":[1,1,1],"intensity":1,"type":"directional","shadowDistance":16,"range":8,"innerConeAngle":40,"outerConeAngle":45,"shape":0,"falloffMode":0,"castShadows":true,"shadowUpdateMode":2,"shadowType":0,"shadowResolution":1024,"shadowBias":0.4,"normalOffsetBias":0.05,"vsmBlurMode":1,"vsmBlurSize":11,"vsmBias":0.01,"cookieAsset":null,"cookieIntensity":1,"cookieFalloff":true,"cookieChannel":"rgb","cookieAngle":0,"cookieScale":[1,1],"cookieOffset":[0,0],"layers":[0]}},"scale":[1,1,1],"position":[2,2,-2],"rotation":[45,135,0],"children":[]},"14cef81a-506a-40b5-804a-eaf4ed9a88d4":{"name":"Plane","parent":"1bb7797f-a8f1-4bef-96e0-f6434e0bba22","resource_id":"14cef81a-506a-40b5-804a-eaf4ed9a88d4","tags":[],"enabled":false,"components":{"render":{"enabled":true,"type":"plane","asset":null,"materialAssets":[74750941],"castShadows":true,"receiveShadows":true,"lightmapped":false,"lightmapSizeMultiplier":1,"castShadowsLightmap":true,"rootBone":null,"isStatic":false,"layers":[0],"batchGroupId":null}},"scale":[8,1,8],"position":[0,0,0],"rotation":[0,0,0],"children":[]},"074a2978-efd2-4133-9230-1318d3b7e572":{"name":"Sphere","tags":[],"enabled":false,"resource_id":"074a2978-efd2-4133-9230-1318d3b7e572","parent":"1bb7797f-a8f1-4bef-96e0-f6434e0bba22","children":[],"position":[0,0,0],"rotation":[0,0,0],"scale":[1,1,1],"components":{"render":{"enabled":true,"type":"sphere","asset":null,"materialAssets":[74750941],"layers":[0],"batchGroupId":null,"castShadows":true,"castShadowsLightmap":true,"receiveShadows":true,"lightmapped":false,"lightmapSizeMultiplier":1,"castShadowsLightMap":true,"lightMapped":false,"lightMapSizeMultiplier":1,"isStatic":false,"rootBone":null}}},"c689bf25-83ec-4986-a9de-992693189e4b":{"name":"Camera","tags":[],"enabled":true,"resource_id":"c689bf25-83ec-4986-a9de-992693189e4b","parent":"1bb7797f-a8f1-4bef-96e0-f6434e0bba22","children":[],"position":[0,0.027000000700354576,0],"rotation":[0,0,1.9802362446728922e-7],"scale":[1,1,1],"components":{"camera":{"enabled":true,"clearColorBuffer":true,"clearColor":[0.118,0.118,0.118,1],"clearDepthBuffer":true,"projection":0,"fov":27.72,"frustumCulling":true,"orthoHeight":4,"nearClip":0.1,"farClip":1000,"priority":0,"rect":[0,0,1,1],"layers":[0,1,2,3,4]},"script":{"enabled":true,"order":["lookCamera"],"scripts":{"lookCamera":{"enabled":true,"attributes":{"mouseLookSensitivity":0.25,"touchLookSensitivity":0.25,"snappinessFactor":0.25,"pinchSensitivity":0.2}}}}}},"33503fbb-e3e4-4e3b-8d8e-767d144655db":{"name":"2D Screen","tags":[],"enabled":true,"resource_id":"33503fbb-e3e4-4e3b-8d8e-767d144655db","parent":"1bb7797f-a8f1-4bef-96e0-f6434e0bba22","children":["d48d059d-fcdf-4632-9c14-eaac0748cf57"],"position":[0,0,0],"rotation":[0,0,0],"scale":[1,1,1],"components":{"screen":{"enabled":true,"screenSpace":true,"scaleMode":"blend","scaleBlend":0.5,"resolution":[1920,1080],"referenceResolution":[1920,1080]}}},"d48d059d-fcdf-4632-9c14-eaac0748cf57":{"name":"Button","tags":[],"enabled":true,"resource_id":"d48d059d-fcdf-4632-9c14-eaac0748cf57","parent":"33503fbb-e3e4-4e3b-8d8e-767d144655db","children":["947fb547-5eff-4845-8554-41937e386ca7"],"position":[-25,-50,0],"rotation":[0,0,0],"scale":[1,1,1],"components":{"button":{"enabled":true,"active":true,"imageEntity":"d48d059d-fcdf-4632-9c14-eaac0748cf57","hitPadding":[0,0,0,0],"transitionMode":0,"hoverTint":[1,1,1,1],"pressedTint":[1,1,1,1],"inactiveTint":[1,1,1,1],"fadeDuration":0,"hoverSpriteAsset":null,"hoverSpriteFrame":0,"pressedSpriteAsset":null,"pressedSpriteFrame":0,"inactiveSpriteAsset":null,"inactiveSpriteFrame":0,"hoverTextureAsset":null,"pressedTextureAsset":null,"inactiveTextureAsset":null},"element":{"enabled":true,"type":"image","anchor":[1,1,1,1],"pivot":[1,1],"text":"","key":null,"fontAsset":74750899,"fontSize":32,"minFontSize":8,"maxFontSize":32,"autoFitWidth":false,"autoFitHeight":false,"maxLines":null,"lineHeight":32,"wrapLines":true,"spacing":1,"color":[1,1,1],"opacity":1,"textureAsset":null,"spriteAsset":null,"spriteFrame":0,"pixelsPerUnit":null,"width":100,"height":40,"margin":[-125,-90,25,50],"alignment":[0.5,0.5],"outlineColor":[0,0,0,1],"outlineThickness":0,"shadowColor":[0,0,0,1],"shadowOffset":[0,0],"rect":[0,0,1,1],"materialAsset":null,"autoWidth":false,"autoHeight":false,"useInput":true,"batchGroupId":null,"mask":false,"layers":[4],"enableMarkup":false},"script":{"enabled":true,"order":["changingScenes"],"scripts":{"changingScenes":{"enabled":true,"attributes":{"sceneName":"MainScene"}}}}}},"947fb547-5eff-4845-8554-41937e386ca7":{"name":"Text","tags":[],"enabled":true,"resource_id":"947fb547-5eff-4845-8554-41937e386ca7","parent":"d48d059d-fcdf-4632-9c14-eaac0748cf57","children":[],"position":[0,0,0],"rotation":[0,0,0],"scale":[1,1,1],"components":{"element":{"enabled":true,"type":"text","anchor":[0.5,0.5,0.5,0.5],"pivot":[0.5,0.5],"text":"Back","key":null,"fontAsset":74750899,"fontSize":24,"minFontSize":8,"maxFontSize":32,"autoFitWidth":false,"autoFitHeight":false,"maxLines":null,"lineHeight":32,"wrapLines":true,"spacing":1,"color":[0,0,0],"opacity":1,"textureAsset":null,"spriteAsset":null,"spriteFrame":0,"pixelsPerUnit":null,"width":57.375,"height":23.613,"margin":[-28.688,-11.807,-28.688,-11.807],"alignment":[0.5,0.5],"outlineColor":[0,0,0,1],"outlineThickness":0,"shadowColor":[0,0,0,1],"shadowOffset":[0,0],"rect":[0,0,1,1],"materialAsset":null,"autoWidth":true,"autoHeight":true,"useInput":false,"batchGroupId":null,"mask":false,"layers":[4],"enableMarkup":false}}},"5301cff1-cbb9-421f-860f-6a198fb638b9":{"name":"BoundingBox","tags":[],"enabled":true,"resource_id":"5301cff1-cbb9-421f-860f-6a198fb638b9","parent":"1bb7797f-a8f1-4bef-96e0-f6434e0bba22","children":[],"position":[0,0,0],"rotation":[0,0,0],"scale":[60,60,60],"components":{"render":{"enabled":true,"type":"box","asset":null,"materialAssets":[74750943],"layers":[0],"batchGroupId":null,"castShadows":true,"castShadowsLightmap":true,"receiveShadows":true,"lightmapped":false,"lightmapSizeMultiplier":1,"castShadowsLightMap":true,"lightMapped":false,"lightMapSizeMultiplier":1,"isStatic":false,"rootBone":null}}},"32d8c006-a3b5-43d5-8e83-8ef358b128e8":{"enabled":true,"tags":[],"children":["25934a38-7b43-4bc9-9794-715f70be6ba3"],"position":[0,0,0],"rotation":[0,0,90],"scale":[10,10,10],"resource_id":"32d8c006-a3b5-43d5-8e83-8ef358b128e8","name":"sphere (1)","components":{},"parent":"1bb7797f-a8f1-4bef-96e0-f6434e0bba22","template_ent_ids":{"32d8c006-a3b5-43d5-8e83-8ef358b128e8":"a8f018b3-1ffe-4120-b744-91d071030b8f","25934a38-7b43-4bc9-9794-715f70be6ba3":"c4c7d8bc-5bed-4bda-ac2c-cfe46fc2e07d","ee0765be-b10b-4d62-a6b9-aede75af6604":"e8297bd7-8957-49bc-be99-b3c4532eb657"},"template_id":74750946},"25934a38-7b43-4bc9-9794-715f70be6ba3":{"enabled":true,"tags":[],"children":["ee0765be-b10b-4d62-a6b9-aede75af6604"],"position":[0,0,0],"rotation":[0,0,0],"scale":[1,1,1],"resource_id":"25934a38-7b43-4bc9-9794-715f70be6ba3","name":"sphere (1)_root","components":{},"parent":"32d8c006-a3b5-43d5-8e83-8ef358b128e8"},"ee0765be-b10b-4d62-a6b9-aede75af6604":{"enabled":true,"tags":[],"children":[],"position":[0,0,0],"rotation":[0,0,0],"scale":[1,1,1],"resource_id":"ee0765be-b10b-4d62-a6b9-aede75af6604","name":"sphere","components":{"render":{"enabled":true,"type":"asset","asset":74750945,"materialAssets":[74750961],"layers":[0],"batchGroupId":null,"castShadows":false,"castShadowsLightmap":false,"receiveShadows":false,"lightmapped":false,"lightmapSizeMultiplier":1,"castShadowsLightMap":true,"lightMapped":false,"lightMapSizeMultiplier":1,"isStatic":false,"rootBone":null}},"parent":"25934a38-7b43-4bc9-9794-715f70be6ba3"}},"created":"2022-02-17T23:29:39.777Z","checkpoint_id":"913cc50a-e380-477e-a14c-bfa922ae1720","branch_id":"5e779d22-f090-4550-ad9f-efc3f9a62008","id":1372977}