{"name":"MainScene","created":"2022-02-17T12:16:44.276Z","settings":{"physics":{"gravity":[0,-9.8,0]},"render":{"fog_end":1000,"tonemapping":3,"skybox":74750902,"fog_density":0.01,"gamma_correction":1,"exposure":2,"fog_start":1,"global_ambient":[0.8549019607843137,0.8549019607843137,0.8549019607843137],"skyboxIntensity":1,"fog_color":[0,0,0],"lightmapMode":1,"fog":"linear","lightmapMaxResolution":2048,"skyboxMip":4,"lightmapSizeMultiplier":16,"skyboxRotation":[0,0,0],"lightmapFilterEnabled":false,"lightmapFilterRange":10,"lightmapFilterSmoothness":0.2,"ambientBake":false,"ambientBakeNumSamples":1,"ambientBakeSpherePart":0.4,"ambientBakeOcclusionBrightness":0,"ambientBakeOcclusionContrast":0}},"entities":{"78770ba0-8feb-11ec-bb2f-7e5c284e6510":{"position":[0,0.5,0],"scale":[3,3,3],"name":"Box","parent":"78770830-8feb-11ec-bb2f-7e5c284e6510","resource_id":"78770ba0-8feb-11ec-bb2f-7e5c284e6510","components":{"render":{"isStatic":false,"castShadows":true,"castShadowsLightmap":true,"rootBone":null,"lightmapped":false,"batchGroupId":null,"layers":[0],"receiveShadows":true,"enabled":true,"asset":null,"materialAssets":[74750939],"type":"box","lightmapSizeMultiplier":1}},"rotation":[0,0,0],"tags":[],"enabled":true,"children":["35008d24-9e79-4039-8275-2f4f5a729dfa"]},"78770830-8feb-11ec-bb2f-7e5c284e6510":{"position":[0,0,0],"scale":[1,1,1],"name":"Root","parent":null,"resource_id":"78770830-8feb-11ec-bb2f-7e5c284e6510","components":{},"rotation":[0,0,0],"tags":[],"enabled":true,"children":["787709b6-8feb-11ec-bb2f-7e5c284e6510","78770aba-8feb-11ec-bb2f-7e5c284e6510","78770ba0-8feb-11ec-bb2f-7e5c284e6510","6a17e239-e4c2-465a-835e-f98999a8bb05","ca6d11ef-57d2-4a1e-8571-001fc81a543a","8f9ada51-637f-4bb9-b55c-7dd726a56d54","78770c7c-8feb-11ec-bb2f-7e5c284e6510","a925fbe6-ddd1-4daa-8ef2-451604e97832","3699deea-e0e1-4e2a-b420-96bedce1c4bc"]},"78770c7c-8feb-11ec-bb2f-7e5c284e6510":{"position":[0,0,0],"scale":[60,1,60],"name":"Plane","parent":"78770830-8feb-11ec-bb2f-7e5c284e6510","resource_id":"78770c7c-8feb-11ec-bb2f-7e5c284e6510","components":{"render":{"isStatic":false,"castShadows":true,"castShadowsLightmap":true,"rootBone":null,"lightmapped":false,"batchGroupId":null,"layers":[0],"receiveShadows":true,"enabled":true,"asset":null,"materialAssets":[74750938],"type":"plane","lightmapSizeMultiplier":1}},"rotation":[0,0,0],"tags":[],"enabled":true,"children":[]},"78770aba-8feb-11ec-bb2f-7e5c284e6510":{"position":[2,2,-2],"scale":[1,1,1],"name":"Light","parent":"78770830-8feb-11ec-bb2f-7e5c284e6510","resource_id":"78770aba-8feb-11ec-bb2f-7e5c284e6510","components":{"light":{"castShadows":true,"isStatic":false,"vsmBlurSize":11,"shadowUpdateMode":2,"normalOffsetBias":0.05,"color":[1,1,1],"numCascades":1,"outerConeAngle":45,"affectDynamic":true,"intensity":2,"bakeDir":true,"cookieAngle":0,"affectLightmapped":false,"cookieChannel":"rgb","innerConeAngle":40,"shadowBias":0.2,"bake":false,"falloffMode":0,"cookieAsset":null,"vsmBias":0.01,"layers":[0],"cookieIntensity":1,"cascadeDistribution":0.5,"cookieOffset":[0,0],"shadowResolution":1024,"cookieScale":[1,1],"enabled":true,"shape":0,"range":8,"vsmBlurMode":1,"shadowDistance":100,"type":"directional","cookieFalloff":true,"shadowType":0}},"rotation":[45,135,0],"tags":[],"enabled":true,"children":[]},"787709b6-8feb-11ec-bb2f-7e5c284e6510":{"position":[4,3.5,4],"scale":[1,1,1],"name":"CameraNew","parent":"78770830-8feb-11ec-bb2f-7e5c284e6510","resource_id":"787709b6-8feb-11ec-bb2f-7e5c284e6510","components":{"camera":{"projection":0,"farClip":1000,"clearColorBuffer":true,"layers":[0,1,2,3,4],"priority":0,"fov":45,"clearDepthBuffer":true,"frustumCulling":true,"clearColor":[0.118,0.118,0.118,1],"enabled":true,"orthoHeight":4,"nearClip":0.1,"rect":[0,0,1,1]},"script":{"enabled":true,"order":["orbitCamera","mouseInput","touchInput","keyboardInput","cameraAnimations","customInput"],"scripts":{"orbitCamera":{"enabled":true,"attributes":{"distanceMax":60,"distanceMin":7,"pitchAngleMax":90,"pitchAngleMin":5,"inertiaFactor":0.1,"focusEntity":"78770c7c-8feb-11ec-bb2f-7e5c284e6510","frameOnStart":true}},"mouseInput":{"enabled":true,"attributes":{"orbitSensitivity":0.3,"distanceSensitivity":0.15}},"touchInput":{"enabled":true,"attributes":{"orbitSensitivity":0.4,"distanceSensitivity":0.2}},"keyboardInput":{"enabled":true,"attributes":{"DummyUI":[]}},"cameraAnimations":{"enabled":true,"attributes":{"Building1":"78770ba0-8feb-11ec-bb2f-7e5c284e6510","Building2":"6a17e239-e4c2-465a-835e-f98999a8bb05","Building3":"ca6d11ef-57d2-4a1e-8571-001fc81a543a","Building4":"8f9ada51-637f-4bb9-b55c-7dd726a56d54","CubeMaps":[74750902,74750895,74750894],"Scene":["Scene1","Scene2","Scene3"],"SceneBtn":["ac1f9623-6bd6-4a4e-8076-4ebeffb2819d","143ddc9c-9912-4f56-8caf-8454ea385f6f","e379c4c1-02b7-452d-bc02-b8ce68c4c1eb"],"BackBtn":"33dd4775-2309-408e-a19e-33b6d72b4223","BuildingBtns":["be1bed83-f2ba-4452-8771-caadc28a2aa1","8a1f559c-f683-46df-ab2c-12bb4056dc61","861125b3-a47a-466c-9962-595e70dd8693"],"TextShow":null}},"customInput":{"enabled":true,"attributes":{"BoundingBox":"3699deea-e0e1-4e2a-b420-96bedce1c4bc"}}}}},"rotation":[-30,45,0],"tags":["CameraNew"],"enabled":true,"children":[]},"6a17e239-e4c2-465a-835e-f98999a8bb05":{"name":"Box","tags":[],"enabled":true,"resource_id":"6a17e239-e4c2-465a-835e-f98999a8bb05","parent":"78770830-8feb-11ec-bb2f-7e5c284e6510","children":["521c21dd-9289-4ef2-85ca-5afa9a1a6de5"],"position":[-13.225389587418812,0.5,-11.90001149335281],"rotation":[0,0,0],"scale":[4,4,4],"components":{"render":{"enabled":true,"type":"box","asset":null,"materialAssets":[74750940],"layers":[0],"batchGroupId":null,"castShadows":true,"castShadowsLightmap":true,"receiveShadows":true,"lightmapped":false,"lightmapSizeMultiplier":1,"castShadowsLightMap":true,"lightMapped":false,"lightMapSizeMultiplier":1,"isStatic":false,"rootBone":null}}},"ca6d11ef-57d2-4a1e-8571-001fc81a543a":{"name":"Box","tags":[],"enabled":true,"resource_id":"ca6d11ef-57d2-4a1e-8571-001fc81a543a","parent":"78770830-8feb-11ec-bb2f-7e5c284e6510","children":["24181ff3-8aac-4ccd-af7a-24c2527a5647"],"position":[21.02269146493839,0.5,-2.6346512789219663],"rotation":[0,0,0],"scale":[4,4,4],"components":{"render":{"enabled":true,"type":"box","asset":null,"materialAssets":[74750941],"layers":[0],"batchGroupId":null,"castShadows":true,"castShadowsLightmap":true,"receiveShadows":true,"lightmapped":false,"lightmapSizeMultiplier":1,"castShadowsLightMap":true,"lightMapped":false,"lightMapSizeMultiplier":1,"isStatic":false,"rootBone":null}}},"8f9ada51-637f-4bb9-b55c-7dd726a56d54":{"name":"Box","tags":[],"enabled":false,"resource_id":"8f9ada51-637f-4bb9-b55c-7dd726a56d54","parent":"78770830-8feb-11ec-bb2f-7e5c284e6510","children":["b97641f1-8be4-40f6-af14-0b5890196f77"],"position":[-11.366501927437177,0.5,20.40127984436606],"rotation":[0,0,0],"scale":[4,4,4],"components":{"render":{"enabled":true,"type":"box","asset":null,"materialAssets":[74750940],"layers":[0],"batchGroupId":null,"castShadows":true,"castShadowsLightmap":true,"receiveShadows":true,"lightmapped":false,"lightmapSizeMultiplier":1,"castShadowsLightMap":true,"lightMapped":false,"lightMapSizeMultiplier":1,"isStatic":false,"rootBone":null}}},"35008d24-9e79-4039-8275-2f4f5a729dfa":{"name":"1","tags":["HotSpot"],"enabled":true,"resource_id":"35008d24-9e79-4039-8275-2f4f5a729dfa","parent":"78770ba0-8feb-11ec-bb2f-7e5c284e6510","children":["ed78f4ad-8527-455c-a1db-7e304334092e"],"position":[0,0.7821539476162371,0],"rotation":[1.5326556474850446e-14,0,2.1005106538302186e-14],"scale":[1,1,1],"components":{"script":{"enabled":true,"order":["hotspot","pulse","opacityUi"],"scripts":{"hotspot":{"enabled":true,"attributes":{"radius":0.15,"ButtonEntity":"3f148ec7-69b6-4b2c-8fe7-bd4cf6621c22","cameraEntity":"787709b6-8feb-11ec-bb2f-7e5c284e6510"}},"pulse":{"enabled":true,"attributes":{"pulseTimeSecs":0.25}},"opacityUi":{"enabled":false,"attributes":{"ButtonUI":"2881f368-29eb-45d2-ab12-e0967b2212d2","TextUI":"94d2c7b9-2f45-4468-8f54-9b05f4787c9f","Hotspot":"d107b5d6-6e86-4754-bcb1-f6019eb86095","textValue":"26-Storey Rental Tower","cameraEntity":"2ba76a1e-5003-447d-bcae-05eb262af165","materialBtn":null}}}}}},"ed78f4ad-8527-455c-a1db-7e304334092e":{"name":"Plane","tags":[],"enabled":true,"resource_id":"ed78f4ad-8527-455c-a1db-7e304334092e","parent":"35008d24-9e79-4039-8275-2f4f5a729dfa","children":["9ea53352-c510-4b1a-aef6-8ef22b817fa6"],"position":[1.924323242974424e-7,-0.02224796219734504,9.947405033017276e-7],"rotation":[-90,0,0],"scale":[0.3,1,0.3],"components":{"model":{"enabled":true,"type":"plane","asset":null,"materialAsset":74750944,"castShadows":false,"castShadowsLightmap":false,"receiveShadows":false,"lightmapped":false,"lightmapSizeMultiplier":1,"castShadowsLightMap":true,"lightMapped":false,"lightMapSizeMultiplier":1,"isStatic":false,"layers":[0],"batchGroupId":null},"collision":{"enabled":true,"type":"box","halfExtents":[0.6,0.01,0.6],"radius":0.5,"axis":1,"height":2,"asset":null,"renderAsset":null}}},"9ea53352-c510-4b1a-aef6-8ef22b817fa6":{"name":"3D Screen","tags":[],"enabled":true,"resource_id":"9ea53352-c510-4b1a-aef6-8ef22b817fa6","parent":"ed78f4ad-8527-455c-a1db-7e304334092e","children":["3f148ec7-69b6-4b2c-8fe7-bd4cf6621c22"],"position":[0,5.551115123125783e-17,1.3794402287103935e-9],"rotation":[89.99999999999999,0,0],"scale":[0.001,0.0004962161431493556,0.01],"components":{"screen":{"enabled":true,"screenSpace":false,"scaleMode":"blend","scaleBlend":0.5,"resolution":[1280,720],"referenceResolution":[1280,720]}}},"3f148ec7-69b6-4b2c-8fe7-bd4cf6621c22":{"name":"Button","tags":[],"enabled":false,"resource_id":"3f148ec7-69b6-4b2c-8fe7-bd4cf6621c22","parent":"9ea53352-c510-4b1a-aef6-8ef22b817fa6","children":["a2960621-61d0-4582-a40f-69e5ac1cfdfd"],"position":[0,0.005065133854259329,-1],"rotation":[0,180,0],"scale":[10,10,1],"components":{"button":{"enabled":true,"active":true,"imageEntity":"3f148ec7-69b6-4b2c-8fe7-bd4cf6621c22","hitPadding":[0,0,0,0],"transitionMode":1,"hoverTint":[0.18823529411764706,0.18823529411764706,0.18823529411764706,1],"pressedTint":[0.18823529411764706,0.18823529411764706,0.18823529411764706,1],"inactiveTint":[0.18823529411764706,0.18823529411764706,0.18823529411764706,1],"fadeDuration":0,"hoverSpriteAsset":null,"hoverSpriteFrame":0,"pressedSpriteAsset":null,"pressedSpriteFrame":0,"inactiveSpriteAsset":null,"inactiveSpriteFrame":0,"hoverTextureAsset":null,"pressedTextureAsset":null,"inactiveTextureAsset":null},"element":{"enabled":true,"type":"image","anchor":[0.5,0.5,0.5,0.5],"pivot":[0.5,0.5],"text":"","key":null,"fontAsset":null,"fontSize":32,"minFontSize":8,"maxFontSize":32,"autoFitWidth":false,"autoFitHeight":false,"maxLines":null,"lineHeight":32,"wrapLines":true,"spacing":1,"color":[0,0,0],"opacity":0.987,"textureAsset":null,"spriteAsset":null,"spriteFrame":0,"pixelsPerUnit":null,"width":238,"height":250,"margin":[-119,-124.995,-119,-125.005],"alignment":[0.5,0.5],"outlineColor":[0,0,0,1],"outlineThickness":0,"shadowColor":[0,0,0,1],"shadowOffset":[0,0],"rect":[0,0,1,1],"materialAsset":null,"autoWidth":false,"autoHeight":false,"useInput":true,"batchGroupId":null,"mask":false,"layers":[1000,4],"enableMarkup":false},"script":{"enabled":true,"order":["buttonLogic"],"scripts":{"buttonLogic":{"enabled":true,"attributes":{}}}}}},"a2960621-61d0-4582-a40f-69e5ac1cfdfd":{"name":"Text","tags":[],"enabled":true,"resource_id":"a2960621-61d0-4582-a40f-69e5ac1cfdfd","parent":"3f148ec7-69b6-4b2c-8fe7-bd4cf6621c22","children":[],"position":[0,-5,0.9999904632576886],"rotation":[0,0,0],"scale":[0.8,1.3,1],"components":{"element":{"enabled":true,"type":"text","anchor":[0.5,0.5,0.5,0.5],"pivot":[0.5,0.5],"text":"Build 1","key":null,"fontAsset":74750899,"fontSize":68,"minFontSize":8,"maxFontSize":32,"autoFitWidth":true,"autoFitHeight":false,"maxLines":null,"lineHeight":120,"wrapLines":true,"spacing":1,"color":[1,1,1],"opacity":1,"textureAsset":null,"spriteAsset":null,"spriteFrame":0,"pixelsPerUnit":null,"width":226.678,"height":66.904,"margin":[-113.339,-38.452,-113.339,-28.452],"alignment":[0.5,0.5],"outlineColor":[0,0,0,1],"outlineThickness":0,"shadowColor":[0,0,0,1],"shadowOffset":[0,0],"rect":[0,0,1,1],"materialAsset":null,"autoWidth":true,"autoHeight":true,"useInput":false,"batchGroupId":null,"mask":false,"layers":[1000,4],"enableMarkup":false},"script":{"enabled":true,"order":["textMaterial"],"scripts":{"textMaterial":{"enabled":true,"attributes":{"materialAsset":57707158}}}}}},"521c21dd-9289-4ef2-85ca-5afa9a1a6de5":{"name":"2","tags":["HotSpot"],"enabled":true,"resource_id":"521c21dd-9289-4ef2-85ca-5afa9a1a6de5","parent":"6a17e239-e4c2-465a-835e-f98999a8bb05","children":["bc0d0b03-09a1-4ba5-a1c4-80960dd08aed"],"position":[0,0.782153930763042,0],"rotation":[1.5326556474850446e-14,0,2.1005106538302186e-14],"scale":[1,1,1],"components":{"script":{"enabled":true,"order":["hotspot","pulse","opacityUi"],"scripts":{"hotspot":{"enabled":true,"attributes":{"radius":0.15,"ButtonEntity":"705be928-a3ba-4d65-9422-584f04799361","cameraEntity":"787709b6-8feb-11ec-bb2f-7e5c284e6510"}},"pulse":{"enabled":true,"attributes":{"pulseTimeSecs":0.25}},"opacityUi":{"enabled":false,"attributes":{"ButtonUI":"2881f368-29eb-45d2-ab12-e0967b2212d2","TextUI":"94d2c7b9-2f45-4468-8f54-9b05f4787c9f","Hotspot":"d107b5d6-6e86-4754-bcb1-f6019eb86095","textValue":"26-Storey Rental Tower","cameraEntity":"2ba76a1e-5003-447d-bcae-05eb262af165","materialBtn":null}}}}}},"bc0d0b03-09a1-4ba5-a1c4-80960dd08aed":{"name":"Plane","tags":[],"enabled":true,"resource_id":"bc0d0b03-09a1-4ba5-a1c4-80960dd08aed","parent":"521c21dd-9289-4ef2-85ca-5afa9a1a6de5","children":["2e344da3-2d6a-4597-865b-c6e2af921d8c"],"position":[1.924323242974424e-7,-0.02224796219734504,9.947405033017276e-7],"rotation":[-90,0,0],"scale":[0.3,1,0.3],"components":{"model":{"enabled":true,"type":"plane","asset":null,"materialAsset":74750944,"castShadows":false,"castShadowsLightmap":false,"receiveShadows":false,"lightmapped":false,"lightmapSizeMultiplier":1,"castShadowsLightMap":true,"lightMapped":false,"lightMapSizeMultiplier":1,"isStatic":false,"layers":[0],"batchGroupId":null},"collision":{"enabled":true,"type":"box","halfExtents":[0.6,0.01,0.6],"radius":0.5,"axis":1,"height":2,"asset":null,"renderAsset":null}}},"2e344da3-2d6a-4597-865b-c6e2af921d8c":{"name":"3D Screen","tags":[],"enabled":true,"resource_id":"2e344da3-2d6a-4597-865b-c6e2af921d8c","parent":"bc0d0b03-09a1-4ba5-a1c4-80960dd08aed","children":["705be928-a3ba-4d65-9422-584f04799361"],"position":[0,5.551115123125783e-17,1.3794402287103935e-9],"rotation":[89.99999999999999,0,0],"scale":[0.001,0.0004962161431493556,0.01],"components":{"screen":{"enabled":true,"screenSpace":false,"scaleMode":"blend","scaleBlend":0.5,"resolution":[1280,720],"referenceResolution":[1280,720]}}},"705be928-a3ba-4d65-9422-584f04799361":{"name":"Button","tags":[],"enabled":false,"resource_id":"705be928-a3ba-4d65-9422-584f04799361","parent":"2e344da3-2d6a-4597-865b-c6e2af921d8c","children":["9ac52fda-0b47-45b0-8db2-b58735472bcb"],"position":[0,0.0049999999999954525,-1],"rotation":[0,180,0],"scale":[10,10,1],"components":{"button":{"enabled":true,"active":true,"imageEntity":"705be928-a3ba-4d65-9422-584f04799361","hitPadding":[0,0,0,0],"transitionMode":1,"hoverTint":[0.18823529411764706,0.18823529411764706,0.18823529411764706,1],"pressedTint":[0.18823529411764706,0.18823529411764706,0.18823529411764706,1],"inactiveTint":[0.18823529411764706,0.18823529411764706,0.18823529411764706,1],"fadeDuration":0,"hoverSpriteAsset":null,"hoverSpriteFrame":0,"pressedSpriteAsset":null,"pressedSpriteFrame":0,"inactiveSpriteAsset":null,"inactiveSpriteFrame":0,"hoverTextureAsset":null,"pressedTextureAsset":null,"inactiveTextureAsset":null},"element":{"enabled":true,"type":"image","anchor":[0.5,0.5,0.5,0.5],"pivot":[0.5,0.5],"text":"","key":null,"fontAsset":null,"fontSize":32,"minFontSize":8,"maxFontSize":32,"autoFitWidth":false,"autoFitHeight":false,"maxLines":null,"lineHeight":32,"wrapLines":true,"spacing":1,"color":[0,0,0],"opacity":0.987,"textureAsset":null,"spriteAsset":null,"spriteFrame":0,"pixelsPerUnit":null,"width":238,"height":250,"margin":[-119,-124.995,-119,-125.005],"alignment":[0.5,0.5],"outlineColor":[0,0,0,1],"outlineThickness":0,"shadowColor":[0,0,0,1],"shadowOffset":[0,0],"rect":[0,0,1,1],"materialAsset":null,"autoWidth":false,"autoHeight":false,"useInput":true,"batchGroupId":null,"mask":false,"layers":[1000,4],"enableMarkup":false},"script":{"enabled":true,"order":["buttonLogic"],"scripts":{"buttonLogic":{"enabled":true,"attributes":{}}}}}},"9ac52fda-0b47-45b0-8db2-b58735472bcb":{"name":"Text","tags":[],"enabled":true,"resource_id":"9ac52fda-0b47-45b0-8db2-b58735472bcb","parent":"705be928-a3ba-4d65-9422-584f04799361","children":[],"position":[0,-5,0.9999904632576886],"rotation":[0,0,0],"scale":[0.8,1.3,1],"components":{"element":{"enabled":true,"type":"text","anchor":[0.5,0.5,0.5,0.5],"pivot":[0.5,0.5],"text":"Block 3","key":null,"fontAsset":74750899,"fontSize":68,"minFontSize":8,"maxFontSize":32,"autoFitWidth":true,"autoFitHeight":false,"maxLines":null,"lineHeight":120,"wrapLines":true,"spacing":1,"color":[1,1,1],"opacity":1,"textureAsset":null,"spriteAsset":null,"spriteFrame":0,"pixelsPerUnit":null,"width":241.885,"height":66.904,"margin":[-120.942,-38.452,-120.942,-28.452],"alignment":[0.5,0.5],"outlineColor":[0,0,0,1],"outlineThickness":0,"shadowColor":[0,0,0,1],"shadowOffset":[0,0],"rect":[0,0,1,1],"materialAsset":null,"autoWidth":true,"autoHeight":true,"useInput":false,"batchGroupId":null,"mask":false,"layers":[1000,4],"enableMarkup":false},"script":{"enabled":true,"order":["textMaterial"],"scripts":{"textMaterial":{"enabled":true,"attributes":{"materialAsset":57707158}}}}}},"24181ff3-8aac-4ccd-af7a-24c2527a5647":{"name":"3","tags":["HotSpot"],"enabled":true,"resource_id":"24181ff3-8aac-4ccd-af7a-24c2527a5647","parent":"ca6d11ef-57d2-4a1e-8571-001fc81a543a","children":["10ef82a0-1912-4768-80fb-21165b963771"],"position":[0,0.782153930763042,0],"rotation":[1.5326556474850446e-14,0,2.1005106538302186e-14],"scale":[1,1,1],"components":{"script":{"enabled":true,"order":["hotspot","pulse","opacityUi"],"scripts":{"hotspot":{"enabled":true,"attributes":{"radius":0.15,"ButtonEntity":"d934e749-a229-436b-a28d-8c62eeb794c9","cameraEntity":"787709b6-8feb-11ec-bb2f-7e5c284e6510"}},"pulse":{"enabled":true,"attributes":{"pulseTimeSecs":0.25}},"opacityUi":{"enabled":false,"attributes":{"ButtonUI":"2881f368-29eb-45d2-ab12-e0967b2212d2","TextUI":"94d2c7b9-2f45-4468-8f54-9b05f4787c9f","Hotspot":"d107b5d6-6e86-4754-bcb1-f6019eb86095","textValue":"26-Storey Rental Tower","cameraEntity":"2ba76a1e-5003-447d-bcae-05eb262af165","materialBtn":null}}}}}},"10ef82a0-1912-4768-80fb-21165b963771":{"name":"Plane","tags":[],"enabled":true,"resource_id":"10ef82a0-1912-4768-80fb-21165b963771","parent":"24181ff3-8aac-4ccd-af7a-24c2527a5647","children":["029ee396-a99b-439c-9202-3fcc34f977c5"],"position":[1.924323242974424e-7,-0.02224796219734504,9.947405033017276e-7],"rotation":[-90,0,0],"scale":[0.3,1,0.3],"components":{"model":{"enabled":true,"type":"plane","asset":null,"materialAsset":74750944,"castShadows":false,"castShadowsLightmap":false,"receiveShadows":false,"lightmapped":false,"lightmapSizeMultiplier":1,"castShadowsLightMap":true,"lightMapped":false,"lightMapSizeMultiplier":1,"isStatic":false,"layers":[0],"batchGroupId":null},"collision":{"enabled":true,"type":"box","halfExtents":[0.6,0.01,0.6],"radius":0.5,"axis":1,"height":2,"asset":null,"renderAsset":null}}},"029ee396-a99b-439c-9202-3fcc34f977c5":{"name":"3D Screen","tags":[],"enabled":true,"resource_id":"029ee396-a99b-439c-9202-3fcc34f977c5","parent":"10ef82a0-1912-4768-80fb-21165b963771","children":["d934e749-a229-436b-a28d-8c62eeb794c9"],"position":[0,5.551115123125783e-17,1.3794402287103935e-9],"rotation":[89.99999999999999,0,0],"scale":[0.001,0.0004962161431493556,0.01],"components":{"screen":{"enabled":true,"screenSpace":false,"scaleMode":"blend","scaleBlend":0.5,"resolution":[1280,720],"referenceResolution":[1280,720]}}},"d934e749-a229-436b-a28d-8c62eeb794c9":{"name":"Button","tags":[],"enabled":false,"resource_id":"d934e749-a229-436b-a28d-8c62eeb794c9","parent":"029ee396-a99b-439c-9202-3fcc34f977c5","children":["1008e20f-ad5f-4a56-9cd8-3e9838db15f2"],"position":[0,0.0049999999999954525,-1],"rotation":[0,180,0],"scale":[10,10,1],"components":{"button":{"enabled":true,"active":true,"imageEntity":"d934e749-a229-436b-a28d-8c62eeb794c9","hitPadding":[0,0,0,0],"transitionMode":1,"hoverTint":[0.18823529411764706,0.18823529411764706,0.18823529411764706,1],"pressedTint":[0.18823529411764706,0.18823529411764706,0.18823529411764706,1],"inactiveTint":[0.18823529411764706,0.18823529411764706,0.18823529411764706,1],"fadeDuration":0,"hoverSpriteAsset":null,"hoverSpriteFrame":0,"pressedSpriteAsset":null,"pressedSpriteFrame":0,"inactiveSpriteAsset":null,"inactiveSpriteFrame":0,"hoverTextureAsset":null,"pressedTextureAsset":null,"inactiveTextureAsset":null},"element":{"enabled":true,"type":"image","anchor":[0.5,0.5,0.5,0.5],"pivot":[0.5,0.5],"text":"","key":null,"fontAsset":null,"fontSize":32,"minFontSize":8,"maxFontSize":32,"autoFitWidth":false,"autoFitHeight":false,"maxLines":null,"lineHeight":32,"wrapLines":true,"spacing":1,"color":[0,0,0],"opacity":0.987,"textureAsset":null,"spriteAsset":null,"spriteFrame":0,"pixelsPerUnit":null,"width":238,"height":250,"margin":[-119,-124.995,-119,-125.005],"alignment":[0.5,0.5],"outlineColor":[0,0,0,1],"outlineThickness":0,"shadowColor":[0,0,0,1],"shadowOffset":[0,0],"rect":[0,0,1,1],"materialAsset":null,"autoWidth":false,"autoHeight":false,"useInput":true,"batchGroupId":null,"mask":false,"layers":[1000,4],"enableMarkup":false},"script":{"enabled":true,"order":["buttonLogic"],"scripts":{"buttonLogic":{"enabled":true,"attributes":{}}}}}},"1008e20f-ad5f-4a56-9cd8-3e9838db15f2":{"name":"Text","tags":[],"enabled":true,"resource_id":"1008e20f-ad5f-4a56-9cd8-3e9838db15f2","parent":"d934e749-a229-436b-a28d-8c62eeb794c9","children":[],"position":[0,-5,0.9999904632576886],"rotation":[0,0,0],"scale":[0.8,1.3,1],"components":{"element":{"enabled":true,"type":"text","anchor":[0.5,0.5,0.5,0.5],"pivot":[0.5,0.5],"text":"Building 2","key":null,"fontAsset":74750899,"fontSize":68,"minFontSize":8,"maxFontSize":32,"autoFitWidth":true,"autoFitHeight":false,"maxLines":null,"lineHeight":120,"wrapLines":true,"spacing":1,"color":[1,1,1],"opacity":1,"textureAsset":null,"spriteAsset":null,"spriteFrame":0,"pixelsPerUnit":null,"width":328.645,"height":66.904,"margin":[-164.322,-38.452,-164.322,-28.452],"alignment":[0.5,0.5],"outlineColor":[0,0,0,1],"outlineThickness":0,"shadowColor":[0,0,0,1],"shadowOffset":[0,0],"rect":[0,0,1,1],"materialAsset":null,"autoWidth":true,"autoHeight":true,"useInput":false,"batchGroupId":null,"mask":false,"layers":[1000,4],"enableMarkup":false},"script":{"enabled":true,"order":["textMaterial"],"scripts":{"textMaterial":{"enabled":true,"attributes":{"materialAsset":57707158}}}}}},"b97641f1-8be4-40f6-af14-0b5890196f77":{"name":"4","tags":["HotSpot"],"enabled":true,"resource_id":"b97641f1-8be4-40f6-af14-0b5890196f77","parent":"8f9ada51-637f-4bb9-b55c-7dd726a56d54","children":["5b5abc79-d776-48af-b515-37ab71adc435"],"position":[0,0.782153930763042,0],"rotation":[1.5326556474850446e-14,0,2.1005106538302186e-14],"scale":[1,1,1],"components":{"script":{"enabled":true,"order":["hotspot","pulse","opacityUi"],"scripts":{"hotspot":{"enabled":true,"attributes":{"radius":0.15,"ButtonEntity":"24d83a67-f647-416f-a82a-9f268bbe0a86","cameraEntity":"787709b6-8feb-11ec-bb2f-7e5c284e6510"}},"pulse":{"enabled":true,"attributes":{"pulseTimeSecs":0.25}},"opacityUi":{"enabled":false,"attributes":{"ButtonUI":"2881f368-29eb-45d2-ab12-e0967b2212d2","TextUI":"94d2c7b9-2f45-4468-8f54-9b05f4787c9f","Hotspot":"d107b5d6-6e86-4754-bcb1-f6019eb86095","textValue":"26-Storey Rental Tower","cameraEntity":"2ba76a1e-5003-447d-bcae-05eb262af165","materialBtn":null}}}}}},"5b5abc79-d776-48af-b515-37ab71adc435":{"name":"Plane","tags":[],"enabled":true,"resource_id":"5b5abc79-d776-48af-b515-37ab71adc435","parent":"b97641f1-8be4-40f6-af14-0b5890196f77","children":["97260d18-fca5-4896-80f2-d242c2b5df5c"],"position":[1.924323242974424e-7,-0.02224796219734504,9.947405033017276e-7],"rotation":[-90,0,0],"scale":[0.3,1,0.3],"components":{"model":{"enabled":true,"type":"plane","asset":null,"materialAsset":74750944,"castShadows":false,"castShadowsLightmap":false,"receiveShadows":false,"lightmapped":false,"lightmapSizeMultiplier":1,"castShadowsLightMap":true,"lightMapped":false,"lightMapSizeMultiplier":1,"isStatic":false,"layers":[0],"batchGroupId":null},"collision":{"enabled":true,"type":"box","halfExtents":[0.6,0.01,0.6],"radius":0.5,"axis":1,"height":2,"asset":null,"renderAsset":null}}},"97260d18-fca5-4896-80f2-d242c2b5df5c":{"name":"3D Screen","tags":[],"enabled":true,"resource_id":"97260d18-fca5-4896-80f2-d242c2b5df5c","parent":"5b5abc79-d776-48af-b515-37ab71adc435","children":["24d83a67-f647-416f-a82a-9f268bbe0a86"],"position":[0,5.551115123125783e-17,1.3794402287103935e-9],"rotation":[89.99999999999999,0,0],"scale":[0.001,0.0004962161431493556,0.01],"components":{"screen":{"enabled":true,"screenSpace":false,"scaleMode":"blend","scaleBlend":0.5,"resolution":[1280,720],"referenceResolution":[1280,720]}}},"24d83a67-f647-416f-a82a-9f268bbe0a86":{"name":"Button","tags":[],"enabled":false,"resource_id":"24d83a67-f647-416f-a82a-9f268bbe0a86","parent":"97260d18-fca5-4896-80f2-d242c2b5df5c","children":["43ab79f8-4808-49f9-9609-3e77ac253e61"],"position":[0,0.0049999999999954525,-1],"rotation":[0,180,0],"scale":[10,10,1],"components":{"button":{"enabled":true,"active":true,"imageEntity":"24d83a67-f647-416f-a82a-9f268bbe0a86","hitPadding":[0,0,0,0],"transitionMode":1,"hoverTint":[0.18823529411764706,0.18823529411764706,0.18823529411764706,1],"pressedTint":[0.18823529411764706,0.18823529411764706,0.18823529411764706,1],"inactiveTint":[0.18823529411764706,0.18823529411764706,0.18823529411764706,1],"fadeDuration":0,"hoverSpriteAsset":null,"hoverSpriteFrame":0,"pressedSpriteAsset":null,"pressedSpriteFrame":0,"inactiveSpriteAsset":null,"inactiveSpriteFrame":0,"hoverTextureAsset":null,"pressedTextureAsset":null,"inactiveTextureAsset":null},"element":{"enabled":true,"type":"image","anchor":[0.5,0.5,0.5,0.5],"pivot":[0.5,0.5],"text":"","key":null,"fontAsset":null,"fontSize":32,"minFontSize":8,"maxFontSize":32,"autoFitWidth":false,"autoFitHeight":false,"maxLines":null,"lineHeight":32,"wrapLines":true,"spacing":1,"color":[0,0,0],"opacity":0.987,"textureAsset":null,"spriteAsset":null,"spriteFrame":0,"pixelsPerUnit":null,"width":238,"height":250,"margin":[-119,-124.995,-119,-125.005],"alignment":[0.5,0.5],"outlineColor":[0,0,0,1],"outlineThickness":0,"shadowColor":[0,0,0,1],"shadowOffset":[0,0],"rect":[0,0,1,1],"materialAsset":null,"autoWidth":false,"autoHeight":false,"useInput":true,"batchGroupId":null,"mask":false,"layers":[1000,4],"enableMarkup":false},"script":{"enabled":true,"order":["btnClick"],"scripts":{"btnClick":{"enabled":false,"attributes":{"HoverEntity":null}}}}}},"43ab79f8-4808-49f9-9609-3e77ac253e61":{"name":"Text","tags":[],"enabled":true,"resource_id":"43ab79f8-4808-49f9-9609-3e77ac253e61","parent":"24d83a67-f647-416f-a82a-9f268bbe0a86","children":[],"position":[0,-5,0.9999904632576886],"rotation":[0,0,0],"scale":[0.8,1.3,1],"components":{"element":{"enabled":true,"type":"text","anchor":[0.5,0.5,0.5,0.5],"pivot":[0.5,0.5],"text":"Apartment 4","key":null,"fontAsset":74750899,"fontSize":68,"minFontSize":8,"maxFontSize":32,"autoFitWidth":true,"autoFitHeight":false,"maxLines":null,"lineHeight":120,"wrapLines":true,"spacing":1,"color":[1,1,1],"opacity":1,"textureAsset":null,"spriteAsset":null,"spriteFrame":0,"pixelsPerUnit":null,"width":396.744,"height":66.904,"margin":[-198.372,-38.452,-198.372,-28.452],"alignment":[0.5,0.5],"outlineColor":[0,0,0,1],"outlineThickness":0,"shadowColor":[0,0,0,1],"shadowOffset":[0,0],"rect":[0,0,1,1],"materialAsset":null,"autoWidth":true,"autoHeight":true,"useInput":false,"batchGroupId":null,"mask":false,"layers":[1000,4],"enableMarkup":false},"script":{"enabled":true,"order":["textMaterial"],"scripts":{"textMaterial":{"enabled":true,"attributes":{"materialAsset":57707158}}}}}},"a925fbe6-ddd1-4daa-8ef2-451604e97832":{"name":"2D Screen","tags":[],"enabled":true,"resource_id":"a925fbe6-ddd1-4daa-8ef2-451604e97832","parent":"78770830-8feb-11ec-bb2f-7e5c284e6510","children":["ac1f9623-6bd6-4a4e-8076-4ebeffb2819d","143ddc9c-9912-4f56-8caf-8454ea385f6f","e379c4c1-02b7-452d-bc02-b8ce68c4c1eb","33dd4775-2309-408e-a19e-33b6d72b4223","be1bed83-f2ba-4452-8771-caadc28a2aa1","8a1f559c-f683-46df-ab2c-12bb4056dc61","861125b3-a47a-466c-9962-595e70dd8693"],"position":[0,0,0],"rotation":[0,0,0],"scale":[1,1,1],"components":{"screen":{"enabled":true,"screenSpace":true,"scaleMode":"blend","scaleBlend":0.5,"resolution":[1920,1080],"referenceResolution":[1920,1080]}}},"ac1f9623-6bd6-4a4e-8076-4ebeffb2819d":{"name":"Scene1","tags":[],"enabled":false,"resource_id":"ac1f9623-6bd6-4a4e-8076-4ebeffb2819d","parent":"a925fbe6-ddd1-4daa-8ef2-451604e97832","children":["d97a345a-218d-4798-bf91-71e06b1ceca6"],"position":[-25,-50,0],"rotation":[0,0,0],"scale":[1,1,1],"components":{"button":{"enabled":true,"active":true,"imageEntity":"ac1f9623-6bd6-4a4e-8076-4ebeffb2819d","hitPadding":[0,0,0,0],"transitionMode":0,"hoverTint":[1,1,1,1],"pressedTint":[1,1,1,1],"inactiveTint":[1,1,1,1],"fadeDuration":0,"hoverSpriteAsset":null,"hoverSpriteFrame":0,"pressedSpriteAsset":null,"pressedSpriteFrame":0,"inactiveSpriteAsset":null,"inactiveSpriteFrame":0,"hoverTextureAsset":null,"pressedTextureAsset":null,"inactiveTextureAsset":null},"element":{"enabled":true,"type":"image","anchor":[1,1,1,1],"pivot":[1,1],"text":"","key":null,"fontAsset":74750899,"fontSize":32,"minFontSize":8,"maxFontSize":32,"autoFitWidth":false,"autoFitHeight":false,"maxLines":null,"lineHeight":32,"wrapLines":true,"spacing":1,"color":[1,1,1],"opacity":1,"textureAsset":null,"spriteAsset":null,"spriteFrame":0,"pixelsPerUnit":null,"width":100,"height":40,"margin":[-125,-90,25,50],"alignment":[0.5,0.5],"outlineColor":[0,0,0,1],"outlineThickness":0,"shadowColor":[0,0,0,1],"shadowOffset":[0,0],"rect":[0,0,1,1],"materialAsset":null,"autoWidth":false,"autoHeight":false,"useInput":true,"batchGroupId":null,"mask":false,"layers":[4],"enableMarkup":false},"script":{"enabled":true,"order":[],"scripts":{}}}},"d97a345a-218d-4798-bf91-71e06b1ceca6":{"name":"Text","tags":[],"enabled":true,"resource_id":"d97a345a-218d-4798-bf91-71e06b1ceca6","parent":"ac1f9623-6bd6-4a4e-8076-4ebeffb2819d","children":[],"position":[0,0,0],"rotation":[0,0,0],"scale":[1,1,1],"components":{"element":{"enabled":true,"type":"text","anchor":[0.5,0.5,0.5,0.5],"pivot":[0.5,0.5],"text":"Scene1","key":null,"fontAsset":74750899,"fontSize":24,"minFontSize":8,"maxFontSize":32,"autoFitWidth":false,"autoFitHeight":false,"maxLines":null,"lineHeight":32,"wrapLines":true,"spacing":1,"color":[0,0,0],"opacity":1,"textureAsset":null,"spriteAsset":null,"spriteFrame":0,"pixelsPerUnit":null,"width":84.059,"height":23.613,"margin":[-42.029,-11.807,-42.029,-11.807],"alignment":[0.5,0.5],"outlineColor":[0,0,0,1],"outlineThickness":0,"shadowColor":[0,0,0,1],"shadowOffset":[0,0],"rect":[0,0,1,1],"materialAsset":null,"autoWidth":true,"autoHeight":true,"useInput":false,"batchGroupId":null,"mask":false,"layers":[4],"enableMarkup":false}}},"143ddc9c-9912-4f56-8caf-8454ea385f6f":{"name":"Scene2","tags":[],"enabled":false,"resource_id":"143ddc9c-9912-4f56-8caf-8454ea385f6f","parent":"a925fbe6-ddd1-4daa-8ef2-451604e97832","children":["e267eadf-cb64-4533-87d3-7b79fb8fbd2a"],"position":[-25,-50,0],"rotation":[0,0,0],"scale":[1,1,1],"components":{"button":{"enabled":true,"active":true,"imageEntity":"143ddc9c-9912-4f56-8caf-8454ea385f6f","hitPadding":[0,0,0,0],"transitionMode":0,"hoverTint":[1,1,1,1],"pressedTint":[1,1,1,1],"inactiveTint":[1,1,1,1],"fadeDuration":0,"hoverSpriteAsset":null,"hoverSpriteFrame":0,"pressedSpriteAsset":null,"pressedSpriteFrame":0,"inactiveSpriteAsset":null,"inactiveSpriteFrame":0,"hoverTextureAsset":null,"pressedTextureAsset":null,"inactiveTextureAsset":null},"element":{"enabled":true,"type":"image","anchor":[1,1,1,1],"pivot":[1,1],"text":"","key":null,"fontAsset":74750899,"fontSize":32,"minFontSize":8,"maxFontSize":32,"autoFitWidth":false,"autoFitHeight":false,"maxLines":null,"lineHeight":32,"wrapLines":true,"spacing":1,"color":[1,1,1],"opacity":1,"textureAsset":null,"spriteAsset":null,"spriteFrame":0,"pixelsPerUnit":null,"width":100,"height":40,"margin":[-125,-90,25,50],"alignment":[0.5,0.5],"outlineColor":[0,0,0,1],"outlineThickness":0,"shadowColor":[0,0,0,1],"shadowOffset":[0,0],"rect":[0,0,1,1],"materialAsset":null,"autoWidth":false,"autoHeight":false,"useInput":true,"batchGroupId":null,"mask":false,"layers":[4],"enableMarkup":false},"script":{"enabled":true,"order":[],"scripts":{}}}},"e267eadf-cb64-4533-87d3-7b79fb8fbd2a":{"name":"Text","tags":[],"enabled":true,"resource_id":"e267eadf-cb64-4533-87d3-7b79fb8fbd2a","parent":"143ddc9c-9912-4f56-8caf-8454ea385f6f","children":[],"position":[0,0,0],"rotation":[0,0,0],"scale":[1,1,1],"components":{"element":{"enabled":true,"type":"text","anchor":[0.5,0.5,0.5,0.5],"pivot":[0.5,0.5],"text":"Scene2","key":null,"fontAsset":74750899,"fontSize":24,"minFontSize":8,"maxFontSize":32,"autoFitWidth":false,"autoFitHeight":false,"maxLines":null,"lineHeight":32,"wrapLines":true,"spacing":1,"color":[0,0,0],"opacity":1,"textureAsset":null,"spriteAsset":null,"spriteFrame":0,"pixelsPerUnit":null,"width":84.059,"height":23.613,"margin":[-42.029,-11.807,-42.029,-11.807],"alignment":[0.5,0.5],"outlineColor":[0,0,0,1],"outlineThickness":0,"shadowColor":[0,0,0,1],"shadowOffset":[0,0],"rect":[0,0,1,1],"materialAsset":null,"autoWidth":true,"autoHeight":true,"useInput":false,"batchGroupId":null,"mask":false,"layers":[4],"enableMarkup":false}}},"e379c4c1-02b7-452d-bc02-b8ce68c4c1eb":{"name":"Scene3","tags":[],"enabled":false,"resource_id":"e379c4c1-02b7-452d-bc02-b8ce68c4c1eb","parent":"a925fbe6-ddd1-4daa-8ef2-451604e97832","children":["033e4405-0028-4a68-a8bd-fe8826993b80"],"position":[-25,-50,0],"rotation":[0,0,0],"scale":[1,1,1],"components":{"button":{"enabled":true,"active":true,"imageEntity":"e379c4c1-02b7-452d-bc02-b8ce68c4c1eb","hitPadding":[0,0,0,0],"transitionMode":0,"hoverTint":[1,1,1,1],"pressedTint":[1,1,1,1],"inactiveTint":[1,1,1,1],"fadeDuration":0,"hoverSpriteAsset":null,"hoverSpriteFrame":0,"pressedSpriteAsset":null,"pressedSpriteFrame":0,"inactiveSpriteAsset":null,"inactiveSpriteFrame":0,"hoverTextureAsset":null,"pressedTextureAsset":null,"inactiveTextureAsset":null},"element":{"enabled":true,"type":"image","anchor":[1,1,1,1],"pivot":[1,1],"text":"","key":null,"fontAsset":74750899,"fontSize":32,"minFontSize":8,"maxFontSize":32,"autoFitWidth":false,"autoFitHeight":false,"maxLines":null,"lineHeight":32,"wrapLines":true,"spacing":1,"color":[1,1,1],"opacity":1,"textureAsset":null,"spriteAsset":null,"spriteFrame":0,"pixelsPerUnit":null,"width":100,"height":40,"margin":[-125,-90,25,50],"alignment":[0.5,0.5],"outlineColor":[0,0,0,1],"outlineThickness":0,"shadowColor":[0,0,0,1],"shadowOffset":[0,0],"rect":[0,0,1,1],"materialAsset":null,"autoWidth":false,"autoHeight":false,"useInput":true,"batchGroupId":null,"mask":false,"layers":[4],"enableMarkup":false},"script":{"enabled":true,"order":[],"scripts":{}}}},"033e4405-0028-4a68-a8bd-fe8826993b80":{"name":"Text","tags":[],"enabled":true,"resource_id":"033e4405-0028-4a68-a8bd-fe8826993b80","parent":"e379c4c1-02b7-452d-bc02-b8ce68c4c1eb","children":[],"position":[0,0,0],"rotation":[0,0,0],"scale":[1,1,1],"components":{"element":{"enabled":true,"type":"text","anchor":[0.5,0.5,0.5,0.5],"pivot":[0.5,0.5],"text":"Scene3","key":null,"fontAsset":74750899,"fontSize":24,"minFontSize":8,"maxFontSize":32,"autoFitWidth":false,"autoFitHeight":false,"maxLines":null,"lineHeight":32,"wrapLines":true,"spacing":1,"color":[0,0,0],"opacity":1,"textureAsset":null,"spriteAsset":null,"spriteFrame":0,"pixelsPerUnit":null,"width":84.059,"height":23.613,"margin":[-42.029,-11.807,-42.029,-11.807],"alignment":[0.5,0.5],"outlineColor":[0,0,0,1],"outlineThickness":0,"shadowColor":[0,0,0,1],"shadowOffset":[0,0],"rect":[0,0,1,1],"materialAsset":null,"autoWidth":true,"autoHeight":true,"useInput":false,"batchGroupId":null,"mask":false,"layers":[4],"enableMarkup":false}}},"3699deea-e0e1-4e2a-b420-96bedce1c4bc":{"name":"BoundingBox","tags":[],"enabled":true,"resource_id":"3699deea-e0e1-4e2a-b420-96bedce1c4bc","parent":"78770830-8feb-11ec-bb2f-7e5c284e6510","children":[],"position":[0,0,0],"rotation":[0,0,0],"scale":[60,60,60],"components":{"render":{"enabled":true,"type":"box","asset":null,"materialAssets":[74750943],"layers":[0],"batchGroupId":null,"castShadows":true,"castShadowsLightmap":true,"receiveShadows":true,"lightmapped":false,"lightmapSizeMultiplier":1,"castShadowsLightMap":true,"lightMapped":false,"lightMapSizeMultiplier":1,"isStatic":false,"rootBone":null}}},"33dd4775-2309-408e-a19e-33b6d72b4223":{"name":"Back","tags":[],"enabled":false,"resource_id":"33dd4775-2309-408e-a19e-33b6d72b4223","parent":"a925fbe6-ddd1-4daa-8ef2-451604e97832","children":["bc7d24d9-ee50-4ecd-8ae7-362a0fa24b3e"],"position":[-25,0,0],"rotation":[0,0,0],"scale":[1,1,1],"components":{"button":{"enabled":true,"active":true,"imageEntity":"33dd4775-2309-408e-a19e-33b6d72b4223","hitPadding":[0,0,0,0],"transitionMode":0,"hoverTint":[1,1,1,0],"pressedTint":[1,1,1,0],"inactiveTint":[1,1,1,0],"fadeDuration":0,"hoverSpriteAsset":null,"hoverSpriteFrame":0,"pressedSpriteAsset":null,"pressedSpriteFrame":0,"inactiveSpriteAsset":null,"inactiveSpriteFrame":0,"hoverTextureAsset":null,"pressedTextureAsset":null,"inactiveTextureAsset":null},"element":{"enabled":true,"type":"image","anchor":[1,0.5,1,0.5],"pivot":[1,0.5],"text":"","key":null,"fontAsset":74750899,"fontSize":32,"minFontSize":8,"maxFontSize":32,"autoFitWidth":false,"autoFitHeight":false,"maxLines":null,"lineHeight":32,"wrapLines":true,"spacing":1,"color":[1,1,1],"opacity":0,"textureAsset":null,"spriteAsset":null,"spriteFrame":0,"pixelsPerUnit":null,"width":64,"height":64,"margin":[-89,-32,25,-32],"alignment":[0.5,0.5],"outlineColor":[0,0,0,1],"outlineThickness":0,"shadowColor":[0,0,0,1],"shadowOffset":[0,0],"rect":[0,0,1,1],"materialAsset":null,"autoWidth":false,"autoHeight":false,"useInput":true,"batchGroupId":null,"mask":false,"layers":[4],"enableMarkup":false},"script":{"enabled":true,"order":["buttonRotate"],"scripts":{"buttonRotate":{"enabled":true,"attributes":{}}}}}},"bc7d24d9-ee50-4ecd-8ae7-362a0fa24b3e":{"name":"Image","tags":[],"enabled":true,"resource_id":"bc7d24d9-ee50-4ecd-8ae7-362a0fa24b3e","parent":"33dd4775-2309-408e-a19e-33b6d72b4223","children":[],"position":[0,0,0],"rotation":[0,0,0],"scale":[1,1,1],"components":{"element":{"enabled":true,"type":"image","anchor":[0.5,0.5,0.5,0.5],"pivot":[0.5,0.5],"text":"","key":null,"fontAsset":74750899,"fontSize":32,"minFontSize":8,"maxFontSize":32,"autoFitWidth":false,"autoFitHeight":false,"maxLines":null,"lineHeight":32,"wrapLines":true,"spacing":1,"color":[1,1,1],"opacity":1,"textureAsset":74750935,"spriteAsset":null,"spriteFrame":0,"pixelsPerUnit":null,"width":64,"height":64,"margin":[-32,-32,-32,-32],"alignment":[0.5,0.5],"outlineColor":[0,0,0,1],"outlineThickness":0,"shadowColor":[0,0,0,1],"shadowOffset":[0,0],"rect":[0,0,1,1],"materialAsset":null,"autoWidth":false,"autoHeight":false,"useInput":false,"batchGroupId":null,"mask":false,"layers":[4],"enableMarkup":false}}},"be1bed83-f2ba-4452-8771-caadc28a2aa1":{"name":"1","tags":[],"enabled":true,"resource_id":"be1bed83-f2ba-4452-8771-caadc28a2aa1","parent":"a925fbe6-ddd1-4daa-8ef2-451604e97832","children":["1dca78be-1d02-4fc5-8ab5-c15f0418abfe"],"position":[30,50,0],"rotation":[0,0,0],"scale":[1,1,1],"components":{"button":{"enabled":true,"active":true,"imageEntity":"be1bed83-f2ba-4452-8771-caadc28a2aa1","hitPadding":[0,0,0,0],"transitionMode":0,"hoverTint":[1,1,1,1],"pressedTint":[1,1,1,1],"inactiveTint":[1,1,1,1],"fadeDuration":0,"hoverSpriteAsset":null,"hoverSpriteFrame":0,"pressedSpriteAsset":null,"pressedSpriteFrame":0,"inactiveSpriteAsset":null,"inactiveSpriteFrame":0,"hoverTextureAsset":null,"pressedTextureAsset":null,"inactiveTextureAsset":null},"element":{"enabled":true,"type":"image","anchor":[0,0.5,0,0.5],"pivot":[0,0.5],"text":"","key":null,"fontAsset":74750899,"fontSize":32,"minFontSize":8,"maxFontSize":32,"autoFitWidth":false,"autoFitHeight":false,"maxLines":null,"lineHeight":32,"wrapLines":true,"spacing":1,"color":[1,1,1],"opacity":1,"textureAsset":null,"spriteAsset":null,"spriteFrame":0,"pixelsPerUnit":null,"width":100,"height":40,"margin":[30,30,-130,-70],"alignment":[0.5,0.5],"outlineColor":[0,0,0,1],"outlineThickness":0,"shadowColor":[0,0,0,1],"shadowOffset":[0,0],"rect":[0,0,1,1],"materialAsset":null,"autoWidth":false,"autoHeight":false,"useInput":true,"batchGroupId":null,"mask":false,"layers":[4],"enableMarkup":false},"script":{"enabled":true,"order":["buttonInput"],"scripts":{"buttonInput":{"enabled":true,"attributes":{"BuildingPos":"78770ba0-8feb-11ec-bb2f-7e5c284e6510"}}}}}},"1dca78be-1d02-4fc5-8ab5-c15f0418abfe":{"name":"Text","tags":[],"enabled":true,"resource_id":"1dca78be-1d02-4fc5-8ab5-c15f0418abfe","parent":"be1bed83-f2ba-4452-8771-caadc28a2aa1","children":[],"position":[0,0,0],"rotation":[0,0,0],"scale":[1,1,1],"components":{"element":{"enabled":true,"type":"text","anchor":[0.5,0.5,0.5,0.5],"pivot":[0.5,0.5],"text":"Building1","key":null,"fontAsset":74750899,"fontSize":16,"minFontSize":8,"maxFontSize":32,"autoFitWidth":false,"autoFitHeight":false,"maxLines":null,"lineHeight":32,"wrapLines":true,"spacing":1,"color":[0,0,0],"opacity":1,"textureAsset":null,"spriteAsset":null,"spriteFrame":0,"pixelsPerUnit":null,"width":145.766,"height":31.484,"margin":[-72.883,-15.742,-72.883,-15.742],"alignment":[0.5,0.5],"outlineColor":[0,0,0,1],"outlineThickness":0,"shadowColor":[0,0,0,1],"shadowOffset":[0,0],"rect":[0,0,1,1],"materialAsset":null,"autoWidth":true,"autoHeight":true,"useInput":false,"batchGroupId":null,"mask":false,"layers":[4],"enableMarkup":false}}},"8a1f559c-f683-46df-ab2c-12bb4056dc61":{"name":"2","tags":[],"enabled":true,"resource_id":"8a1f559c-f683-46df-ab2c-12bb4056dc61","parent":"a925fbe6-ddd1-4daa-8ef2-451604e97832","children":["8597ac52-2ab5-4192-b988-7a5d89e5a82f"],"position":[30,0,0],"rotation":[0,0,0],"scale":[1,1,1],"components":{"button":{"enabled":true,"active":true,"imageEntity":"8a1f559c-f683-46df-ab2c-12bb4056dc61","hitPadding":[0,0,0,0],"transitionMode":0,"hoverTint":[1,1,1,1],"pressedTint":[1,1,1,1],"inactiveTint":[1,1,1,1],"fadeDuration":0,"hoverSpriteAsset":null,"hoverSpriteFrame":0,"pressedSpriteAsset":null,"pressedSpriteFrame":0,"inactiveSpriteAsset":null,"inactiveSpriteFrame":0,"hoverTextureAsset":null,"pressedTextureAsset":null,"inactiveTextureAsset":null},"element":{"enabled":true,"type":"image","anchor":[0,0.5,0,0.5],"pivot":[0,0.5],"text":"","key":null,"fontAsset":74750899,"fontSize":32,"minFontSize":8,"maxFontSize":32,"autoFitWidth":false,"autoFitHeight":false,"maxLines":null,"lineHeight":32,"wrapLines":true,"spacing":1,"color":[1,1,1],"opacity":1,"textureAsset":null,"spriteAsset":null,"spriteFrame":0,"pixelsPerUnit":null,"width":100,"height":40,"margin":[30,-20,-130,-20],"alignment":[0.5,0.5],"outlineColor":[0,0,0,1],"outlineThickness":0,"shadowColor":[0,0,0,1],"shadowOffset":[0,0],"rect":[0,0,1,1],"materialAsset":null,"autoWidth":false,"autoHeight":false,"useInput":true,"batchGroupId":null,"mask":false,"layers":[4],"enableMarkup":false},"script":{"enabled":true,"order":["buttonInput"],"scripts":{"buttonInput":{"enabled":true,"attributes":{"BuildingPos":"6a17e239-e4c2-465a-835e-f98999a8bb05"}}}}}},"8597ac52-2ab5-4192-b988-7a5d89e5a82f":{"name":"Text","tags":[],"enabled":true,"resource_id":"8597ac52-2ab5-4192-b988-7a5d89e5a82f","parent":"8a1f559c-f683-46df-ab2c-12bb4056dc61","children":[],"position":[0,0,0],"rotation":[0,0,0],"scale":[1,1,1],"components":{"element":{"enabled":true,"type":"text","anchor":[0.5,0.5,0.5,0.5],"pivot":[0.5,0.5],"text":"Building2","key":null,"fontAsset":74750899,"fontSize":16,"minFontSize":8,"maxFontSize":32,"autoFitWidth":false,"autoFitHeight":false,"maxLines":null,"lineHeight":32,"wrapLines":true,"spacing":1,"color":[0,0,0],"opacity":1,"textureAsset":null,"spriteAsset":null,"spriteFrame":0,"pixelsPerUnit":null,"width":72.883,"height":15.742,"margin":[-36.441,-7.871,-36.441,-7.871],"alignment":[0.5,0.5],"outlineColor":[0,0,0,1],"outlineThickness":0,"shadowColor":[0,0,0,1],"shadowOffset":[0,0],"rect":[0,0,1,1],"materialAsset":null,"autoWidth":true,"autoHeight":true,"useInput":false,"batchGroupId":null,"mask":false,"layers":[4],"enableMarkup":false}}},"861125b3-a47a-466c-9962-595e70dd8693":{"name":"3","tags":[],"enabled":true,"resource_id":"861125b3-a47a-466c-9962-595e70dd8693","parent":"a925fbe6-ddd1-4daa-8ef2-451604e97832","children":["209a208f-4dab-4c56-8602-d0e8539d895d"],"position":[30,-50,0],"rotation":[0,0,0],"scale":[1,1,1],"components":{"button":{"enabled":true,"active":true,"imageEntity":"861125b3-a47a-466c-9962-595e70dd8693","hitPadding":[0,0,0,0],"transitionMode":0,"hoverTint":[1,1,1,1],"pressedTint":[1,1,1,1],"inactiveTint":[1,1,1,1],"fadeDuration":0,"hoverSpriteAsset":null,"hoverSpriteFrame":0,"pressedSpriteAsset":null,"pressedSpriteFrame":0,"inactiveSpriteAsset":null,"inactiveSpriteFrame":0,"hoverTextureAsset":null,"pressedTextureAsset":null,"inactiveTextureAsset":null},"element":{"enabled":true,"type":"image","anchor":[0,0.5,0,0.5],"pivot":[0,0.5],"text":"","key":null,"fontAsset":74750899,"fontSize":32,"minFontSize":8,"maxFontSize":32,"autoFitWidth":false,"autoFitHeight":false,"maxLines":null,"lineHeight":32,"wrapLines":true,"spacing":1,"color":[1,1,1],"opacity":1,"textureAsset":null,"spriteAsset":null,"spriteFrame":0,"pixelsPerUnit":null,"width":100,"height":40,"margin":[30,-70,-130,30],"alignment":[0.5,0.5],"outlineColor":[0,0,0,1],"outlineThickness":0,"shadowColor":[0,0,0,1],"shadowOffset":[0,0],"rect":[0,0,1,1],"materialAsset":null,"autoWidth":false,"autoHeight":false,"useInput":true,"batchGroupId":null,"mask":false,"layers":[4],"enableMarkup":false},"script":{"enabled":true,"order":["buttonInput"],"scripts":{"buttonInput":{"enabled":true,"attributes":{"BuildingPos":"ca6d11ef-57d2-4a1e-8571-001fc81a543a"}}}}}},"209a208f-4dab-4c56-8602-d0e8539d895d":{"name":"Text","tags":[],"enabled":true,"resource_id":"209a208f-4dab-4c56-8602-d0e8539d895d","parent":"861125b3-a47a-466c-9962-595e70dd8693","children":[],"position":[0,0,0],"rotation":[0,0,0],"scale":[1,1,1],"components":{"element":{"enabled":true,"type":"text","anchor":[0.5,0.5,0.5,0.5],"pivot":[0.5,0.5],"text":"Building3","key":null,"fontAsset":74750899,"fontSize":16,"minFontSize":8,"maxFontSize":32,"autoFitWidth":false,"autoFitHeight":false,"maxLines":null,"lineHeight":32,"wrapLines":true,"spacing":1,"color":[0,0,0],"opacity":1,"textureAsset":null,"spriteAsset":null,"spriteFrame":0,"pixelsPerUnit":null,"width":72.883,"height":15.742,"margin":[-36.441,-7.871,-36.441,-7.871],"alignment":[0.5,0.5],"outlineColor":[0,0,0,1],"outlineThickness":0,"shadowColor":[0,0,0,1],"shadowOffset":[0,0],"rect":[0,0,1,1],"materialAsset":null,"autoWidth":true,"autoHeight":true,"useInput":false,"batchGroupId":null,"mask":false,"layers":[4],"enableMarkup":false}}}},"checkpoint_id":"913cc50a-e380-477e-a14c-bfa922ae1720","branch_id":"5e779d22-f090-4550-ad9f-efc3f9a62008","id":1372978}